primary_role,primary_role_other,years_of_experience_with_python,domains_of_python_usage,awareness_of_environmental_impact,importance_of_sustainability_in_development,importance_of_energy_efficiency_in_runtime_choice,conscious_language_choice_for_sustainability,python_execution_models_used,most_practical_runtime_for_sustainability,opinion_on_integrating_c_code_for_sustainability,relevance_of_greenscore_metric,opinion_on_combined_sustainability_score,key_sustainability_factors,likelihood_greenscore_influences_choices,opinion_on_best_greenscore_runtime_contributes,suggestions_for_greenscore_improvements,interest_in_greenscore_tool,additional_comments_on_sustainable_software_development
Software Developer / Engineer,,More than 10 years,"['Data Science / Machine Learning', 'Web Development', 'Systems / DevOps / Scripting']",Yes,Very important,Very important,Yes,"['CPython (default Python interpreter)', 'PyPy (JIT Solution)', 'Cython (AOT Solution)', 'ctypes (FFI Solution)']",ctypes,Yes,Very relevant,Agree,"['Energy consumption', 'Carbon footprint', 'Runtime / performance impact']",Very likely,Yes,"Integration with CI/CD pipelines would be crucial for practical adoption. Providing actionable insights beyond a single score, perhaps highlighting specific code sections or patterns, would also be highly beneficial.",Yes,"Sustainable software development is increasingly critical, particularly for large-scale systems where efficiency impacts operational costs and environmental footprint. The challenge lies in making sustainability metrics easily accessible and actionable for developers without significantly hindering productivity. Tools like GreenScore could bridge this gap."
Software Developer / Engineer,,More than 10 years,"['Data Science / Machine Learning', 'Systems / DevOps / Scripting']",Yes,Extremely important,Very important,Yes,"['CPython (default Python interpreter)', 'PyPy (JIT Solution)', 'Cython (AOT Solution)', 'ctypes (FFI Solution)']",CPython,Yes,Very relevant,Strongly agree,"['Energy consumption', 'Carbon footprint', 'Runtime / performance impact']",Very likely,Yes,"The metric should also consider the full lifecycle impact, including development effort, maintenance costs, and deployment complexity, as these indirectly affect sustainability. Clear guidelines for benchmarking across diverse hardware and cloud platforms are essential.",Yes,Integrating sustainable practices and metrics into CI/CD pipelines is crucial for driving adoption and continuous improvement. Education and accessible tooling are key to empowering developers to make greener choices.
Software Developer / Engineer,,More than 10 years,"['Data Science / Machine Learning', 'Systems / DevOps / Scripting']",Yes,Extremely important,Very important,Yes,"['CPython (default Python interpreter)', 'PyPy (JIT Solution)', 'Cython (AOT Solution)', 'ctypes (FFI Solution)']",ctypes,Yes,Very relevant,Agree,"['Energy consumption', 'Carbon footprint', 'Runtime / performance impact']",Very likely,Yes,"Include I/O and network activity in the score, and provide benchmarks against industry standards for different application types. Also, consider the cost of developer time for optimization.",Yes,"Sustainable software development should not only focus on raw energy efficiency but also on maintainability, scalability, and developer productivity, as these indirectly impact the lifecycle carbon footprint. Tools like GreenScore are valuable for raising awareness and guiding decisions, but practical implementation requires a holistic view, balancing environmental impact with business objectives and development realities."
Software Developer / Engineer,,More than 10 years,"['Data Science / Machine Learning', 'Web Development', 'Systems / DevOps / Scripting']",Yes,Very important,Very important,Yes,"['CPython (default Python interpreter)', 'PyPy (JIT Solution)', 'Cython (AOT Solution)', 'ctypes (FFI Solution)']",Cython,Yes,Very relevant,Agree,"['Energy consumption', 'Carbon footprint', 'Runtime / performance impact']",Very likely,Yes,"More granular reporting for different application types (e.g., batch processing vs. real-time services) and integration with CI/CD pipelines for automated feedback.",Yes,"While energy efficiency is crucial, the 'sustainability' of software also encompasses maintainability, longevity, and the overall lifecycle cost, including developer effort and hardware refresh cycles. A holistic view is essential."
Software Developer / Engineer,,More than 10 years,"['Data Science / Machine Learning', 'Web Development', 'Systems / DevOps / Scripting']",Yes,Very important,Very important,Yes,"['CPython (default Python interpreter)', 'PyPy (JIT Solution)', 'Cython (AOT Solution)', 'ctypes (FFI Solution)']",Cython,Yes,Very relevant,Agree,"['Energy consumption', 'Carbon footprint', 'Runtime / performance impact']",Very likely,Yes,"It would be beneficial to include considerations for the underlying hardware architecture and the energy mix of cloud providers. Also, factoring in developer effort and long-term maintainability could offer a more holistic sustainability view.",Yes,"Sustainable software development is crucial, especially for large-scale and long-lived systems. Balancing performance, energy efficiency, and development velocity is key. Tools that provide actionable insights, like a GreenScore, can significantly aid in making informed decisions without compromising on other critical aspects of software quality."
Software Developer / Engineer,,More than 10 years,"['Data Science / Machine Learning', 'Web Development', 'Systems / DevOps / Scripting']",Yes,Very important,Very important,Yes,"['CPython (default Python interpreter)', 'PyPy (JIT Solution)', 'Cython (AOT Solution)', 'ctypes (FFI Solution)']",Cython,Yes,Very relevant,Agree,"['Energy consumption', 'Carbon footprint', 'Runtime / performance impact']",Very likely,Yes,"The metric should also consider the development and maintenance effort required for different runtimes, as 'sustainability' also includes human effort and long-term viability. Integration with CI/CD for automated feedback would be highly beneficial.",Yes,"Sustainable software development is a critical area, especially for cloud-native and large-scale applications where resource consumption scales significantly. It's crucial to balance environmental impact with performance, cost, and developer productivity. Tools like GreenScore can empower developers to make informed decisions without sacrificing business goals."
Software Developer / Engineer,,More than 10 years,"['Data Science / Machine Learning', 'Web Development', 'Systems / DevOps / Scripting']",Yes,Very important,Very important,Yes,"['CPython (default Python interpreter)', 'PyPy (JIT Solution)', 'Cython (AOT Solution)', 'ctypes (FFI Solution)', 'py_compile (Byte Compilation Solution)']",Cython,Yes,Very relevant,Agree,"['Energy consumption', 'Carbon footprint', 'Runtime / performance impact']",Very likely,Yes,"The metric should also factor in memory usage and I/O operations, as these significantly impact energy consumption. A breakdown of the score into its constituent energy, carbon, and runtime components would be more valuable than a single aggregated number for targeted optimization.",Yes,"Sustainable software development is increasingly critical. While performance optimization often correlates with energy efficiency, explicit metrics and tools are vital for driving adoption. Education on green coding practices and integrating sustainability into CI/CD pipelines would greatly accelerate progress in the industry."
Software Developer / Engineer,,More than 10 years,"['Data Science / Machine Learning', 'Web Development', 'Systems / DevOps / Scripting']",Yes,Very important,Very important,Yes,"['CPython (default Python interpreter)', 'PyPy (JIT Solution)', 'Cython (AOT Solution)', 'ctypes (FFI Solution)']",ctypes,Yes,Very relevant,Agree,"['Energy consumption', 'Carbon footprint', 'Runtime / performance impact']",Very likely,Yes,"It would be beneficial if GreenScore could also consider the trade-off between optimization effort and environmental impact, perhaps by providing a 'return on investment' for different optimization strategies.",Yes,"Sustainable software development is crucial, especially for large-scale systems. It requires a balanced approach, considering not only technical efficiency but also the full lifecycle of software, including development practices, infrastructure, and long-term maintenance. Metrics like GreenScore can provide valuable insights, but shouldn't be the sole decision-making factor."
Software Developer / Engineer,,More than 10 years,"['Data Science / Machine Learning', 'Web Development', 'Systems / DevOps / Scripting']",Yes,Very important,Very important,Yes,"['CPython (default Python interpreter)', 'PyPy (JIT Solution)', 'Cython (AOT Solution)', 'ctypes (FFI Solution)']",Cython,Yes,Very relevant,Agree,"['Energy consumption', 'Carbon footprint', 'Runtime / performance impact']",Very likely,Yes,"Consider factoring in the development and maintenance overhead of highly optimized solutions, as sustainability isn't just about runtime, but also about the lifecycle cost and long-term viability.",Yes,"It's vital to integrate sustainability considerations early in the design phase, not just as an optimization step. Beyond runtime choices, efficient algorithms and architectural patterns have a significant impact. Tools like GreenScore can help raise awareness and guide developers, but should also consider the broader software lifecycle and development effort."
Software Developer / Engineer,,More than 10 years,"['Data Science / Machine Learning', 'Web Development', 'Systems / DevOps / Scripting']",Yes,Extremely important,Very important,Yes,"['CPython (default Python interpreter)', 'PyPy (JIT Solution)', 'Cython (AOT Solution)', 'ctypes (FFI Solution)']",ctypes,Yes,Very relevant,Agree,"['Energy consumption', 'Carbon footprint', 'Runtime / performance impact']",Very likely,Yes,"GreenScore should also account for the development and maintenance overhead of optimizing for sustainability, and provide clear, actionable recommendations for improvement rather than just a score.",Yes,"Sustainable software development is crucial for the future, but it needs to be balanced with other critical factors like maintainability, development velocity, and overall system reliability. Practical tools and metrics are essential to guide developers without adding undue complexity."
Software Developer / Engineer,,More than 10 years,"['Data Science / Machine Learning', 'Web Development', 'Systems / DevOps / Scripting']",Yes,Extremely important,Very important,Yes,"['CPython (default Python interpreter)', 'PyPy (JIT Solution)', 'Cython (AOT Solution)', 'ctypes (FFI Solution)', 'py_compile (Byte Compilation Solution)']",ctypes,Yes,Very relevant,Agree,"['Energy consumption', 'Carbon footprint', 'Runtime / performance impact']",Very likely,Yes,"Extend the metric to include data transfer and storage efficiency, especially crucial for large-scale distributed systems and data pipelines. Consider the full lifecycle, not just runtime.",Yes,"The industry is increasingly recognizing the importance of green software, but practical, actionable tools and standardized metrics are still emerging. GreenScore has the potential to guide development teams towards more environmentally conscious choices, especially when integrated into CI/CD pipelines to provide early feedback."
Software Developer / Engineer,,More than 10 years,"['Data Science / Machine Learning', 'Web Development', 'Systems / DevOps / Scripting']",Yes,Very important,Very important,Yes,"['CPython (default Python interpreter)', 'PyPy (JIT Solution)', 'Cython (AOT Solution)', 'ctypes (FFI Solution)']",Cython,Yes,Very relevant,Agree,"['Energy consumption', 'Carbon footprint', 'Runtime / performance impact']",Very likely,Yes,"Integration with CI/CD for automated, real-time feedback and detailed breakdown of energy consumption by code section.",Yes,"While sustainability is important, it must be balanced with development velocity, maintainability, and cost. Tools like GreenScore need to provide clear, actionable insights without overly complicating the development process."
Software Developer / Engineer,,More than 10 years,"['Data Science / Machine Learning', 'Web Development', 'Systems / DevOps / Scripting']",Yes,Extremely important,Very important,Yes,"['CPython (default Python interpreter)', 'PyPy (JIT Solution)', 'Cython (AOT Solution)', 'ctypes (FFI Solution)']",ctypes,Yes,Very relevant,Agree,"['Energy consumption', 'Carbon footprint', 'Runtime / performance impact']",Very likely,Yes,"GreenScore could benefit from context-aware weighting (e.g., for CPU-bound vs. I/O-bound tasks) and integration with CI/CD pipelines for continuous feedback.",Yes,"Beyond runtime, the sustainability of software development should also consider the energy footprint of development tools, cloud infrastructure, and data storage over the entire lifecycle."
Software Developer / Engineer,,More than 10 years,"['Data Science / Machine Learning', 'Web Development', 'Systems / DevOps / Scripting']",Yes,Very important,Very important,Yes,"['CPython (default Python interpreter)', 'PyPy (JIT Solution)', 'Cython (AOT Solution)', 'ctypes (FFI Solution)']",Cython,Yes,Very relevant,Agree,"['Energy consumption', 'Carbon footprint', 'Runtime / performance impact']",Very likely,Yes,"Ensure the metric accounts for diverse deployment environments (cloud, on-premise, edge) and provides transparent weighting of factors. It should also consider the full lifecycle impact, not just execution.",Yes,"It's crucial to consider sustainability not just at the code or runtime level, but across the entire software lifecycle, including architectural design, infrastructure choices, and development practices. Education and practical, easy-to-use tooling are essential for wider adoption and impact."
Software Developer / Engineer,,More than 10 years,"['Data Science / Machine Learning', 'Web Development', 'Systems / DevOps / Scripting']",Yes,Very important,Very important,Yes,"['CPython (default Python interpreter)', 'PyPy (JIT Solution)', 'Cython (AOT Solution)', 'ctypes (FFI Solution)']",Cython,Yes,Very relevant,Agree,"['Energy consumption', 'Carbon footprint', 'Runtime / performance impact']",Very likely,Yes,"Integration with CI/CD pipelines for automated feedback and benchmarking against baselines. Also, considering different hardware architectures and cloud environments for a more comprehensive score.",Yes,"Sustainable software development needs to be integrated into the entire lifecycle, not just a post-hoc optimization. Early architectural decisions and continuous monitoring are key. The challenge lies in balancing sustainability with performance, cost, and development velocity, which often creates trade-offs."
Software Developer / Engineer,,More than 10 years,"['Data Science / Machine Learning', 'Web Development', 'Systems / DevOps / Scripting']",Yes,Very important,Very important,Yes,"['CPython (default Python interpreter)', 'PyPy (JIT Solution)', 'Cython (AOT Solution)', 'ctypes (FFI Solution)']",CPython,Yes,Very relevant,Agree,"['Energy consumption', 'Carbon footprint', 'Runtime / performance impact']",Very likely,Yes,"GreenScore should also consider memory usage and I/O efficiency, as these are critical for overall system energy consumption, especially in large-scale applications. Additionally, factoring in the long-term maintainability and ecosystem support for different runtimes would enhance its practicality.",Yes,"Sustainable software development is not just about raw performance, but also about the total cost of ownership, including energy and environmental impact. Tools like GreenScore can provide much-needed visibility to make informed decisions early in the development lifecycle."
Software Developer / Engineer,,More than 10 years,"['Data Science / Machine Learning', 'Web Development', 'Systems / DevOps / Scripting']",Yes,Extremely important,Very important,Yes,"['CPython (default Python interpreter)', 'PyPy (JIT Solution)', 'Cython (AOT Solution)', 'ctypes (FFI Solution)']",ctypes,Yes,Very relevant,Agree,"['Energy consumption', 'Carbon footprint', 'Runtime / performance impact']",Very likely,Yes,GreenScore should offer more granular insights into specific hardware impacts and provide actionable recommendations for code optimization. Integration with CI/CD pipelines would also be highly beneficial.,Yes,"The industry needs to move beyond just performance metrics to truly embrace sustainability. Tools like GreenScore are essential, but they must be practical, easy to integrate, and provide context-aware results to be adopted widely in large-scale enterprise environments. Education on sustainable coding practices is also critical."
Software Developer / Engineer,,More than 10 years,"['Data Science / Machine Learning', 'Web Development', 'Systems / DevOps / Scripting']",Yes,Very important,Very important,Yes,"['CPython (default Python interpreter)', 'PyPy (JIT Solution)', 'Cython (AOT Solution)', 'ctypes (FFI Solution)']",ctypes,Yes,Very relevant,Agree,"['Energy consumption', 'Carbon footprint', 'Runtime / performance impact']",Very likely,Yes,"The metric should account for hardware specificities and cloud infrastructure efficiency, not just raw energy consumption. Also, considering the development effort and long-term maintainability for a truly holistic view.",Yes,"Sustainable software development needs to be integrated into the entire lifecycle, from design to deployment. Tools like GreenScore are valuable for raising awareness and guiding optimization, but architectural decisions, data management, and infrastructure choices also play a significant role. Education for developers on these topics is paramount."
Software Developer / Engineer,,More than 10 years,"['Data Science / Machine Learning', 'Web Development', 'Systems / DevOps / Scripting']",Yes,Very important,Very important,Yes,"['CPython (default Python interpreter)', 'PyPy (JIT Solution)', 'Cython (AOT Solution)', 'ctypes (FFI Solution)']",ctypes,Yes,Very relevant,Agree,"['Energy consumption', 'Carbon footprint', 'Runtime / performance impact']",Very likely,Yes,"GreenScore could be improved by also factoring in the development and maintenance effort, as well as the long-term hardware implications (e.g., increased memory leading to more e-waste). A lifecycle assessment approach would be ideal.",Yes,"The industry needs more practical tools and educational resources to help developers make sustainable choices without sacrificing performance or developer velocity. It's a complex balance, but crucial for the future."
Software Developer / Engineer,,More than 10 years,"['Data Science / Machine Learning', 'Web Development', 'Systems / DevOps / Scripting']",Yes,Extremely important,Very important,Yes,"['CPython (default Python interpreter)', 'PyPy (JIT Solution)', 'Cython (AOT Solution)', 'ctypes (FFI Solution)']",Cython,Yes,Very relevant,Agree,"['Energy consumption', 'Carbon footprint', 'Runtime / performance impact']",Very likely,Yes,GreenScore should incorporate hardware-specific energy profiles and offer seamless integration with CI/CD pipelines for continuous monitoring. Consideration for different workload types (CPU-bound vs. I/O-bound) would also enhance its utility.,Yes,"Sustainable software development, especially in large-scale and performance-sensitive systems, requires a holistic approach. It's not just about choosing the most efficient language or runtime, but also about architectural design, algorithmic efficiency, and continuous monitoring. Tools like GreenScore are crucial for raising awareness and providing actionable insights to developers who might otherwise overlook the environmental impact of their code."
Software Developer / Engineer,,More than 10 years,"['Data Science / Machine Learning', 'Web Development', 'Systems / DevOps / Scripting']",Yes,Extremely important,Very important,Yes,"['CPython (default Python interpreter)', 'PyPy (JIT Solution)', 'Cython (AOT Solution)', 'ctypes (FFI Solution)']",ctypes,Yes,Very relevant,Strongly agree,"['Energy consumption', 'Carbon footprint', 'Runtime / performance impact']",Extremely likely,Yes,"Transparency in calculation methodology, integration with CI/CD pipelines, and clear guidelines for optimization strategies based on the score.",Yes,It's crucial to balance sustainability with development velocity and existing infrastructure. Tools like GreenScore need to be practical and easy to integrate into existing workflows to gain widespread adoption. Education on best practices is also key for broader impact.
Software Developer / Engineer,,More than 10 years,"['Data Science / Machine Learning', 'Web Development', 'Systems / DevOps / Scripting']",Yes,Extremely important,Very important,Yes,"['CPython (default Python interpreter)', 'PyPy (JIT Solution)', 'Cython (AOT Solution)', 'ctypes (FFI Solution)']",ctypes,Yes,Very relevant,Agree,"['Energy consumption', 'Carbon footprint', 'Runtime / performance impact']",Very likely,Yes,"Include Total Cost of Ownership (TCO) as a factor, considering long-term maintenance and hardware refresh cycles. Provide clear, transparent methodology for calculating each component of the score.",Yes,Focus on sustainable practices should extend beyond just runtime efficiency to include the entire software lifecycle: from efficient development practices to resource-aware architecture and responsible decommissioning. Education and tooling are key for widespread adoption.
Software Developer / Engineer,,More than 10 years,"['Data Science / Machine Learning', 'Web Development', 'Systems / DevOps / Scripting']",Yes,Extremely important,Very important,Yes,"['CPython (default Python interpreter)', 'PyPy (JIT Solution)', 'Cython (AOT Solution)', 'ctypes (FFI Solution)']",ctypes,Yes,Very relevant,Agree,"['Energy consumption', 'Carbon footprint', 'Runtime / performance impact']",Very likely,Yes,"Consider integrating with standard CI/CD pipelines for automated real-time feedback. Also, account for the full software lifecycle, including data storage and transmission energy costs, not just execution.",Yes,"Sustainable software development needs to be a first-class concern from system design, not an afterthought. Education for developers on energy-efficient algorithms and architectural patterns is crucial. Tools like GreenScore can empower teams to make data-driven decisions."
Software Developer / Engineer,,More than 10 years,"['Data Science / Machine Learning', 'Web Development', 'Systems / DevOps / Scripting']",Yes,Very important,Very important,Yes,"['CPython (default Python interpreter)', 'PyPy (JIT Solution)', 'Cython (AOT Solution)', 'ctypes (FFI Solution)']",Cython,Yes,Very relevant,Agree,"['Energy consumption', 'Carbon footprint', 'Runtime / performance impact']",Very likely,Yes,"Extend GreenScore to include broader resource utilization metrics like memory footprint and I/O operations, as these directly impact the total energy consumption of data centers and cloud infrastructure. Consider integration with CI/CD pipelines for automated feedback.",Yes,"Beyond runtime choices, algorithmic efficiency and judicious use of resources are paramount. A highly optimized algorithm in CPython can often outperform a less efficient one in a faster runtime. GreenScore should also encourage best practices in code design."
Software Developer / Engineer,,More than 10 years,"['Data Science / Machine Learning', 'Web Development', 'Systems / DevOps / Scripting']",Yes,Very important,Very important,Yes,"['CPython (default Python interpreter)', 'PyPy (JIT Solution)', 'Cython (AOT Solution)', 'ctypes (FFI Solution)']",CPython,Yes,Very relevant,Agree,"['Energy consumption', 'Carbon footprint', 'Runtime / performance impact']",Very likely,Yes,"While a combined score is useful, GreenScore could be improved by providing more granular breakdown per factor and by offering context-aware recommendations based on deployment environment (cloud vs. on-premise) and workload characteristics (CPU-bound vs. I/O-bound). Integration with CI/CD pipelines for automated feedback would also be highly beneficial.",Yes,"Sustainable software development is a critical area that deserves more attention. The key is to move beyond abstract principles to concrete, actionable metrics and tools that developers can easily integrate into their daily workflows without sacrificing performance or development speed. Education on the topic is also vital for mainstream adoption."
Software Developer / Engineer,,More than 10 years,"['Data Science / Machine Learning', 'Web Development', 'Systems / DevOps / Scripting']",Yes,Very important,Very important,Yes,"['CPython (default Python interpreter)', 'PyPy (JIT Solution)', 'Cython (AOT Solution)', 'ctypes (FFI Solution)']",CPython,Yes,Very relevant,Agree,"['Energy consumption', 'Carbon footprint', 'Runtime / performance impact']",Very likely,Yes,The metric should also consider the long-term maintainability and developer overhead associated with different runtime choices or optimization techniques. Integration with CI/CD pipelines would also be highly beneficial for continuous feedback.,Yes,"While energy and carbon are critical, balancing these with developer productivity, system scalability, and overall architectural complexity is key for real-world sustainable software development. GreenScore could be a valuable part of a broader decision-making framework."
Software Developer / Engineer,,More than 10 years,"['Data Science / Machine Learning', 'Web Development', 'Systems / DevOps / Scripting']",Yes,Extremely important,Very important,Yes,"['CPython (default Python interpreter)', 'PyPy (JIT Solution)', 'Cython (AOT Solution)', 'ctypes (FFI Solution)']",ctypes,Yes,Very relevant,Strongly agree,"['Energy consumption', 'Carbon footprint', 'Runtime / performance impact']",Extremely likely,Yes,"Include metrics for data transfer and storage efficiency, as these are often overlooked but contribute significantly to the overall carbon footprint of large-scale systems. Also, consider the developer productivity overhead associated with different optimization techniques.",Yes,"Sustainable software development should be viewed holistically, encompassing not just runtime efficiency but also maintainability, operational costs, and the entire lifecycle of a system. Tools like GreenScore are crucial for providing actionable insights, but their integration into standard development workflows (e.g., CI/CD) is key for widespread adoption."
Software Developer / Engineer,,More than 10 years,"['Data Science / Machine Learning', 'Web Development', 'Systems / DevOps / Scripting']",Yes,Extremely important,Very important,Yes,"['CPython (default Python interpreter)', 'PyPy (JIT Solution)', 'Cython (AOT Solution)', 'ctypes (FFI Solution)']",Cython,Yes,Very relevant,Strongly agree,"['Energy consumption', 'Carbon footprint', 'Runtime / performance impact']",Extremely likely,Yes,"The metric should also consider the development and maintenance effort associated with different runtimes or optimization techniques, as this impacts the overall lifecycle sustainability and cost.",Yes,"Sustainable software development isn't just about raw performance; it's about optimizing resource usage across the entire lifecycle, from development to deployment and maintenance. Metrics like GreenScore are crucial for making informed decisions, but they must be practical and integrate well into existing workflows."
Software Developer / Engineer,,More than 10 years,"['Data Science / Machine Learning', 'Web Development', 'Systems / DevOps / Scripting']",Yes,Extremely important,Very important,Yes,"['CPython (default Python interpreter)', 'PyPy (JIT Solution)', 'Cython (AOT Solution)', 'ctypes (FFI Solution)']",Cython,Yes,Very relevant,Agree,"['Energy consumption', 'Carbon footprint', 'Runtime / performance impact']",Very likely,Yes,"Consider context-specific weighting for different factors (e.g., CPU-bound vs. I/O-bound applications) and integrate with CI/CD pipelines for continuous feedback.",Yes,"Sustainable software development needs to move beyond just energy efficiency to encompass the entire software lifecycle, including hardware choices, data center efficiency, and even the social impact of software. Tools like GreenScore are a great start for bringing awareness and actionable metrics to developers."
Software Developer / Engineer,,More than 10 years,"['Data Science / Machine Learning', 'Web Development', 'Systems / DevOps / Scripting']",Yes,Extremely important,Very important,Yes,"['CPython (default Python interpreter)', 'PyPy (JIT Solution)', 'Cython (AOT Solution)', 'ctypes (FFI Solution)']",ctypes,Yes,Very relevant,Agree,"['Energy consumption', 'Carbon footprint', 'Runtime / performance impact']",Very likely,Yes,"The metric should also consider the impact of data storage and transfer, especially for distributed or cloud-based applications. Perhaps a component breakdown (CPU, memory, network) would offer more actionable insights.",Yes,"Sustainable software development needs to be integrated into the entire SDLC, not just seen as an afterthought. Tools like GreenScore are crucial for raising awareness and providing actionable feedback. However, we must also consider the trade-offs between optimization, development complexity, and maintenance costs. The 'human energy footprint' of maintaining overly optimized, complex code is also a sustainability factor."
Software Developer / Engineer,,More than 10 years,"['Data Science / Machine Learning', 'Web Development', 'Systems / DevOps / Scripting']",Yes,Extremely important,Very important,Yes,"['CPython (default Python interpreter)', 'PyPy (JIT Solution)', 'Cython (AOT Solution)', 'ctypes (FFI Solution)', 'py_compile (Byte Compilation Solution)']",ctypes,Yes,Very relevant,Agree,"['Energy consumption', 'Carbon footprint', 'Runtime / performance impact']",Very likely,Yes,"GreenScore should consider the full lifecycle impact, including development effort and maintenance, not just execution. Also, provide actionable insights specific to different application types.",Yes,"The industry needs to move beyond just performance optimization to include environmental impact as a first-class metric. This requires better tools, education, and integration into standard development practices."
Software Developer / Engineer,,More than 10 years,"['Data Science / Machine Learning', 'Web Development', 'Systems / DevOps / Scripting']",Yes,Extremely important,Very important,Yes,"['CPython (default Python interpreter)', 'PyPy (JIT Solution)', 'Cython (AOT Solution)', 'ctypes (FFI Solution)']",ctypes,Yes,Very relevant,Agree,"['Energy consumption', 'Carbon footprint', 'Runtime / performance impact']",Very likely,Yes,"GreenScore should aim to provide context-aware insights, considering varying hardware, cloud environments, and the specific use-case (e.g., batch processing vs. real-time services). Including memory footprint and I/O efficiency would also be beneficial for a holistic view.",Yes,"While raw performance metrics are useful, true sustainability also encompasses developer productivity, system resilience, and the overall longevity and maintainability of the codebase. A sustainable approach balances immediate efficiency gains with long-term operational costs and environmental impact."
Software Developer / Engineer,,More than 10 years,"['Data Science / Machine Learning', 'Web Development', 'Systems / DevOps / Scripting']",Yes,Very important,Very important,Yes,"['CPython (default Python interpreter)', 'PyPy (JIT Solution)', 'Cython (AOT Solution)', 'ctypes (FFI Solution)', 'py_compile (Byte Compilation Solution)']",ctypes,Yes,Very relevant,Agree,"['Energy consumption', 'Carbon footprint', 'Runtime / performance impact']",Very likely,Yes,"GreenScore should ideally offer granular insights into different components (CPU, memory, I/O) and provide actionable recommendations tailored to specific application types (e.g., batch processing vs. real-time services). Contextual benchmarks would also be highly valuable.",Yes,"The industry's focus on 'move fast and break things' often overlooks efficiency. Tools like GreenScore are crucial for shifting the mindset towards sustainable development, especially in large-scale systems where small optimizations can lead to significant environmental impact. Education and practical tooling are key for widespread adoption."
Software Developer / Engineer,,More than 10 years,"['Data Science / Machine Learning', 'Web Development', 'Systems / DevOps / Scripting']",Yes,Extremely important,Very important,Yes,"['CPython (default Python interpreter)', 'PyPy (JIT Solution)', 'Cython (AOT Solution)', 'ctypes (FFI Solution)']",CPython,Yes,Very relevant,Strongly agree,"['Energy consumption', 'Carbon footprint', 'Runtime / performance impact']",Extremely likely,Yes,"GreenScore should also consider the full lifecycle impact, including development environment energy, deployment infrastructure, and data storage efficiency. Benchmarking should be standardized across diverse hardware and cloud platforms to provide more actionable insights.",Yes,"Sustainable software development is not just about raw performance; it's about balancing efficiency with maintainability, developer productivity, and overall system resilience. Tools like GreenScore are crucial for raising awareness and providing actionable data to make informed decisions without compromising business goals."
Software Developer / Engineer,,More than 10 years,"['Data Science / Machine Learning', 'Web Development', 'Systems / DevOps / Scripting']",Yes,Very important,Very important,Yes,"['CPython (default Python interpreter)', 'PyPy (JIT Solution)', 'Cython (AOT Solution)', 'ctypes (FFI Solution)']",ctypes,Yes,Very relevant,Agree,"['Energy consumption', 'Carbon footprint', 'Runtime / performance impact']",Very likely,Yes,"The GreenScore methodology should clearly differentiate between CPU-bound and I/O-bound workloads, and provide guidelines for different scales of applications. Integration with popular CI/CD pipelines for automated assessment would also be highly beneficial.",Yes,"Sustainable software development is not just about raw performance; it also encompasses maintainability, efficient resource utilization (beyond just CPU), and the total cost of ownership. Education and best practices need to be widely disseminated across the industry to make a significant impact."
Software Developer / Engineer,,More than 10 years,"['Data Science / Machine Learning', 'Web Development', 'Systems / DevOps / Scripting']",Yes,Extremely important,Very important,Yes,"['CPython (default Python interpreter)', 'PyPy (JIT Solution)', 'Cython (AOT Solution)', 'ctypes (FFI Solution)']",Cython,Yes,Very relevant,Strongly agree,"['Energy consumption', 'Carbon footprint', 'Runtime / performance impact']",Very likely,Yes,"Integration with CI/CD pipelines for automated analysis, and perhaps a breakdown of the score by different software components or functions.",Yes,"Sustainable software development needs to be integrated earlier in the design phase, not just as an afterthought optimization. Education and readily available tooling are key for wider adoption."
Software Developer / Engineer,,More than 10 years,"['Data Science / Machine Learning', 'Web Development', 'Systems / DevOps / Scripting']",Yes,Very important,Very important,Yes,"['CPython (default Python interpreter)', 'PyPy (JIT Solution)', 'Cython (AOT Solution)', 'ctypes (FFI Solution)']",Cython,Yes,Very relevant,Agree,"['Energy consumption', 'Carbon footprint', 'Runtime / performance impact']",Very likely,Yes,"The GreenScore should be transparent about its calculation methodology. It would be beneficial to include context-specific factors, such as the energy mix of the deployment region (cloud vs. on-premise) and the lifecycle impact of the development process. Also, consider the cost of developer time for optimization.",Yes,"Sustainable software development is a holistic challenge. While runtime efficiency is critical, it's equally important to focus on algorithmic efficiency, responsible resource management (memory, I/O), and architecture design that minimizes unnecessary computation. Education and practical tools are essential to embed these principles into daily development workflows."
Software Developer / Engineer,,More than 10 years,"['Data Science / Machine Learning', 'Web Development', 'Systems / DevOps / Scripting']",Yes,Very important,Very important,Yes,"['CPython (default Python interpreter)', 'PyPy (JIT Solution)', 'Cython (AOT Solution)', 'ctypes (FFI Solution)']",Cython,Yes,Very relevant,Agree,"['Energy consumption', 'Carbon footprint', 'Runtime / performance impact']",Very likely,Yes,"Integrating hardware-specific power consumption models and providing detailed breakdown reports to identify bottlenecks beyond just a single score. Contextualizing scores based on application domain (e.g., real-time vs. batch processing) would also be beneficial.",Yes,"Beyond technical metrics, organizational culture and developer education play a crucial role. Tools should not just report but also guide and educate developers on more efficient patterns and practices. A focus on reducing unnecessary computations and optimizing data movement is key for sustainable large-scale systems."
Software Developer / Engineer,,More than 10 years,"['Data Science / Machine Learning', 'Web Development', 'Systems / DevOps / Scripting']",Yes,Extremely important,Very important,Yes,"['CPython (default Python interpreter)', 'PyPy (JIT Solution)', 'Cython (AOT Solution)', 'ctypes (FFI Solution)']",Cython,Yes,Very relevant,Agree,"['Energy consumption', 'Carbon footprint', 'Runtime / performance impact']",Very likely,Yes,"More granular reporting on how energy, carbon, and runtime are weighted, and options for users to customize these weightings based on their specific project priorities. Also, consider the cost implication as a practical factor.",Yes,Sustainable software development is crucial but often overlooked. Tools like GreenScore are essential for raising awareness and providing actionable insights. Education on energy-efficient coding practices and architecture design patterns should be integrated into standard development curricula and professional training.
Software Developer / Engineer,,More than 10 years,"['Data Science / Machine Learning', 'Systems / DevOps / Scripting']",Yes,Extremely important,Very important,Yes,"['CPython (default Python interpreter)', 'PyPy (JIT Solution)', 'Cython (AOT Solution)', 'ctypes (FFI Solution)']",ctypes,Yes,Very relevant,Strongly agree,"['Energy consumption', 'Carbon footprint', 'Runtime / performance impact']",Very likely,Yes,"Integration with CI/CD pipelines for automated feedback and a clear breakdown of how the score is calculated, including specific hardware and cloud environment considerations.",Yes,Focus on early architectural decisions and continuous profiling is crucial. Education and awareness within development teams are also key to driving adoption of sustainable practices.
Software Developer / Engineer,,More than 10 years,"['Data Science / Machine Learning', 'Web Development', 'Systems / DevOps / Scripting']",Yes,Very important,Somewhat important,Yes,"['CPython (default Python interpreter)', 'PyPy (JIT Solution)', 'Cython (AOT Solution)', 'ctypes (FFI Solution)']",CPython,Yes,Moderately relevant,Agree,"['Energy consumption', 'Runtime / performance impact', 'Cost implications']",Moderately likely,Yes,Should factor in the developer productivity and maintenance overhead associated with different optimization strategies. Real-world applicability in CI/CD pipelines is crucial.,Yes,"While environmental impact is important, industry adoption will depend on demonstrating clear ROI through reduced operational costs or improved performance, aligning sustainability with business goals."
Software Developer / Engineer,,More than 10 years,"['Data Science / Machine Learning', 'Web Development', 'Systems / DevOps / Scripting']",Yes,Extremely important,Very important,Yes,"['CPython (default Python interpreter)', 'PyPy (JIT Solution)', 'Cython (AOT Solution)', 'ctypes (FFI Solution)']",ctypes,Yes,Very relevant,Agree,"['Energy consumption', 'Carbon footprint', 'Runtime / performance impact']",Very likely,Yes,"The metric should also consider the full lifecycle impact, including development effort and maintenance costs, as these indirectly impact sustainability. Integration with popular profiling tools would be beneficial.",Yes,"Beyond just runtime efficiency, we need to consider the energy footprint of development tools, CI/CD pipelines, and cloud infrastructure. Education and readily available, actionable metrics like GreenScore are crucial for shifting industry practices towards more sustainable outcomes."
Software Developer / Engineer,,More than 10 years,"['Data Science / Machine Learning', 'Web Development', 'Systems / DevOps / Scripting']",Yes,Extremely important,Very important,Yes,"['CPython (default Python interpreter)', 'PyPy (JIT Solution)', 'Cython (AOT Solution)', 'ctypes (FFI Solution)']",Cython,Yes,Very relevant,Agree,"['Energy consumption', 'Carbon footprint', 'Runtime / performance impact']",Very likely,Yes,"GreenScore could be improved by including network I/O and data transfer metrics, as these are significant contributors in distributed systems. Also, providing context for different hardware architectures would be beneficial.",Yes,"Sustainable software development needs to move beyond theoretical discussions to practical, actionable metrics and tools integrated into daily development workflows. Education on energy-efficient coding patterns is also vital."
Software Developer / Engineer,,More than 10 years,"['Data Science / Machine Learning', 'Web Development', 'Systems / DevOps / Scripting']",Yes,Extremely important,Very important,Yes,"['CPython (default Python interpreter)', 'PyPy (JIT Solution)', 'Cython (AOT Solution)', 'ctypes (FFI Solution)']",PyPy,Yes,Very relevant,Strongly agree,"['Energy consumption', 'Carbon footprint', 'Runtime / performance impact']",Very likely,Yes,"Transparency in calculation methodology, integration with CI/CD pipelines for automated feedback, and benchmarking against industry standards for different application types.",Yes,"Sustainable software development should consider the entire software lifecycle, not just runtime. This includes data storage, network transfer, and hardware utilization. Education and awareness among developers are also crucial for driving adoption of green computing principles."