Primary_Role,Years_of_Experience_with_Python,Python_Domains,Awareness_of_Environmental_Impact,Importance_of_Sustainability_in_Development,Importance_of_Energy_Efficiency_in_Runtime,Chosen_Language_for_Sustainability,Python_Execution_Models_Used,Most_Practical_Runtime_for_Sustainability,Agree_on_C_Integration_for_Sustainability,Relevance_of_GreenScore,Effectiveness_of_Combined_Score,Factors_in_Sustainability_Metrics,GreenScore_Influence_Likelihood,Choosing_Best_GreenScore_Contributes,GreenScore_Improvement_Suggestions,Interested_in_GreenScore_Tool,Additional_Comments
Industry Professional,5–10 years,"['Data Science / Machine Learning', 'Web Development', 'Systems / DevOps / Scripting']",Yes,Very important,Very important,Yes,"['CPython (default Python interpreter)', 'PyPy (JIT Solution)', 'Cython (AOT Solution)']",CPython,Yes,Moderately relevant,Agree,"['Energy consumption', 'Carbon footprint', 'Runtime / performance impact']",Moderately likely,Yes,,Maybe,
Industry Professional,5–10 years,"['Data Science / Machine Learning', 'Web Development', 'Systems / DevOps / Scripting']",Yes,Very important,Very important,Yes,"['CPython (default Python interpreter)', 'PyPy (JIT Solution)', 'Cython (AOT Solution)']",PyPy,Yes,Moderately relevant,Agree,"['Energy consumption', 'Carbon footprint', 'Runtime / performance impact']",Moderately likely,Yes,Incorporate real-world usage scenarios and performance benchmarks.,Yes,It's crucial to educate developers on the impact of their choices and promote tools that facilitate sustainability.
Industry Professional,5–10 years,"['Data Science / Machine Learning', 'Web Development', 'Systems / DevOps / Scripting']",Yes,Very important,Very important,Yes,"['CPython (default Python interpreter)', 'PyPy (JIT Solution)', 'Cython (AOT Solution)']",PyPy,Yes,Moderately relevant,Agree,"['Energy consumption', 'Carbon footprint', 'Runtime / performance impact']",Moderately likely,Yes,,Yes,I believe that integrating sustainability metrics early in the development process can foster a culture of energy-efficient software. Collaboration across teams to share best practices is crucial.
Industry Professional,5–10 years,"['Data Science / Machine Learning', 'Web Development', 'Systems / DevOps / Scripting']",Yes,Very important,Very important,Yes,"['CPython (default Python interpreter)', 'PyPy (JIT Solution)', 'Cython (AOT Solution)']",PyPy,Yes,Moderately relevant,Agree,"['Energy consumption', 'Carbon footprint', 'Runtime / performance impact']",Very likely,Yes,,Yes,Implementing sustainability metrics into the software development lifecycle is crucial for fostering an environmentally conscious software industry.
Industry Professional,5–10 years,"['Data Science / Machine Learning', 'Web Development', 'Systems / DevOps / Scripting']",Yes,Very important,Very important,Yes,"['CPython (default Python interpreter)', 'PyPy (JIT Solution)', 'Cython (AOT Solution)']",PyPy,Yes,Moderately relevant,Agree,"['Energy consumption', 'Carbon footprint', 'Runtime / performance impact']",Moderately likely,Yes,,Yes,
Industry Professional,5–10 years,"['Data Science / Machine Learning', 'Web Development', 'Systems / DevOps / Scripting']",Yes,Very important,Very important,Yes,"['CPython (default Python interpreter)', 'PyPy (JIT Solution)', 'Cython (AOT Solution)']",PyPy,Yes,Moderately relevant,Agree,"['Energy consumption', 'Carbon footprint', 'Runtime / performance impact']",Moderately likely,Yes,,Yes,"I believe that by prioritizing energy efficiency and sustainability in software development, we can significantly reduce our environmental impact while still delivering high-performance applications."
Industry Professional,5–10 years,"['Data Science / Machine Learning', 'Web Development', 'Systems / DevOps / Scripting']",Yes,Very important,Very important,Yes,"['CPython (default Python interpreter)', 'PyPy (JIT Solution)', 'Cython (AOT Solution)']",CPython,Yes,Moderately relevant,Agree,"['Energy consumption', 'Carbon footprint', 'Runtime / performance impact']",Very likely,Yes,,Yes,Sustainable software development is crucial for future generations. Integrating sustainability metrics into the software development lifecycle can drive better practices and innovations.
Industry Professional,5–10 years,"['Data Science / Machine Learning', 'Web Development', 'Systems / DevOps / Scripting']",Yes,Very important,Very important,Yes,"['CPython (default Python interpreter)', 'PyPy (JIT Solution)', 'Cython (AOT Solution)']",PyPy,Yes,Moderately relevant,Agree,"['Energy consumption', 'Carbon footprint', 'Runtime / performance impact']",Moderately likely,Yes,,Maybe,"I believe that continuous education and awareness in sustainable practices are crucial for developers, alongside tools that facilitate energy-efficient coding."
Industry Professional,5–10 years,"['Data Science / Machine Learning', 'Web Development', 'Research / Academia']",Yes,Very important,Somewhat important,Yes,"['CPython (default Python interpreter)', 'PyPy (JIT Solution)']",PyPy,Maybe,Moderately relevant,Agree,"['Energy consumption', 'Carbon footprint', 'Runtime / performance impact']",Moderately likely,Yes,Consider including more detailed environmental impact metrics.,Yes,Sustainability should be a core principle in all stages of software development.
Industry Professional,5–10 years,"['Data Science / Machine Learning', 'Web Development', 'Systems / DevOps / Scripting']",Yes,Very important,Somewhat important,Yes,"['CPython (default Python interpreter)', 'PyPy (JIT Solution)']",CPython,Maybe,Moderately relevant,Agree,"['Energy consumption', 'Carbon footprint', 'Runtime / performance impact']",Moderately likely,Yes,,"Maybe","It's crucial to continuously evaluate and improve our metrics for sustainable development."
Industry Professional,5–10 years,"['Data Science / Machine Learning', 'Web Development', 'Systems / DevOps / Scripting']",Yes,Very important,Somewhat important,Yes,"['CPython (default Python interpreter)', 'PyPy (JIT Solution)']",PyPy,Maybe,Moderately relevant,Agree,"['Energy consumption', 'Carbon footprint', 'Runtime / performance impact']",Moderately likely,Yes,,Maybe,"I believe that increasing awareness and education on energy-efficient practices in programming can significantly contribute to sustainable software development."
Industry Professional,5–10 years,"['Data Science / Machine Learning', 'Web Development', 'Systems / DevOps / Scripting']",Yes,Very important,Very important,Yes,"['CPython (default Python interpreter)', 'PyPy (JIT Solution)', 'Cython (AOT Solution)']",PyPy,Maybe,Moderately relevant,Agree,"['Energy consumption', 'Carbon footprint', 'Runtime / performance impact']",Moderately likely,Yes,,"Maybe","It's crucial to consider both performance and sustainability in modern software development."
Industry Professional,5–10 years,"['Data Science / Machine Learning', 'Web Development', 'Systems / DevOps / Scripting']",Yes,Very important,Somewhat important,Yes,"['CPython (default Python interpreter)', 'PyPy (JIT Solution)', 'Cython (AOT Solution)']",PyPy,Yes,Moderately relevant,Agree,"['Energy consumption', 'Carbon footprint', 'Runtime / performance impact']",Moderately likely,Yes,,Maybe,I believe increasing awareness and education on energy-efficient practices in programming can significantly contribute to sustainable software development.
Industry Professional,5–10 years,"['Data Science / Machine Learning', 'Web Development', 'Systems / DevOps / Scripting']",Yes,Very important,Somewhat important,Yes,"['CPython (default Python interpreter)', 'PyPy (JIT Solution)', 'Cython (AOT Solution)']",PyPy,Yes,Moderately relevant,Agree,"['Energy consumption', 'Carbon footprint', 'Runtime / performance impact']",Moderately likely,Yes,,Maybe,I believe continuous education and awareness are key to advancing sustainable practices in software. Tools that promote eco-friendly choices can greatly influence our decisions.
Industry Professional,5–10 years,"['Data Science / Machine Learning', 'Web Development', 'Systems / DevOps / Scripting']",Yes,Very important,Very important,Yes,"['CPython (default Python interpreter)', 'PyPy (JIT Solution)', 'Cython (AOT Solution)']",PyPy,Yes,Moderately relevant,Agree,"['Energy consumption', 'Carbon footprint', 'Runtime / performance impact']",Very likely,Yes,Incorporate more specific metrics related to energy efficiency and runtime performance.,Yes,It's crucial to integrate sustainability metrics into the software development lifecycle to promote environmentally responsible practices.
Industry Professional,5–10 years,"['Data Science / Machine Learning', 'Systems / DevOps / Scripting', 'Web Development']",Yes,Very important,Very important,Yes,"['CPython (default Python interpreter)', 'PyPy (JIT Solution)', 'Cython (AOT Solution)']",PyPy,Yes,Moderately relevant,Agree,"['Energy consumption', 'Carbon footprint', 'Runtime / performance impact']",Moderately likely,Yes,Consider including a benchmarking component that evaluates energy consumption alongside performance metrics.,Yes,"It's essential to foster a culture of sustainability in software development, emphasizing the importance of energy-efficient practices and the impact of our code on the environment."
Industry Professional,5–10 years,"['Data Science / Machine Learning', 'Web Development', 'Systems / DevOps / Scripting']",Yes,Very important,Very important,Yes,"['CPython (default Python interpreter)', 'PyPy (JIT Solution)', 'Cython (AOT Solution)']",PyPy,Yes,Moderately relevant,Agree,"['Energy consumption', 'Carbon footprint', 'Runtime / performance impact']",Moderately likely,Yes,Include more metrics related to real-world energy consumption and performance benchmarks.,Yes,Sustainable software development should be prioritized in educational curricula to foster awareness from the beginning of a developer's career.
Industry Professional,5–10 years,"['Data Science / Machine Learning', 'Web Development', 'Systems / DevOps / Scripting']",Yes,Very important,Very important,Yes,"['CPython (default Python interpreter)', 'PyPy (JIT Solution)', 'Cython (AOT Solution)']",PyPy,Yes,Moderately relevant,Agree,"['Energy consumption', 'Carbon footprint', 'Runtime / performance impact']",Moderately likely,Yes,Consider including a metric for memory usage.,Maybe,It's crucial to educate developers on the importance of sustainability and provide tools that facilitate energy-efficient coding practices.
Industry Professional,5–10 years,"['Data Science / Machine Learning', 'Web Development', 'Systems / DevOps / Scripting']",Yes,Very important,Somewhat important,Yes,"['CPython (default Python interpreter)', 'PyPy (JIT Solution)', 'Cython (AOT Solution)']",PyPy,Yes,Moderately relevant,Agree,"['Energy consumption', 'Carbon footprint', 'Runtime / performance impact']",Moderately likely,Yes,Incorporate more metrics related to memory usage and I/O efficiency.,Yes,"Sustainable practices should be integrated into the software development lifecycle, from design to deployment."
Industry Professional,5–10 years,"['Data Science / Machine Learning', 'Web Development', 'Systems / DevOps / Scripting']",Yes,Very important,Very important,Yes,"['CPython (default Python interpreter)', 'PyPy (JIT Solution)', 'Cython (AOT Solution)']",PyPy,Yes,Moderately relevant,Agree,"['Energy consumption', 'Carbon footprint', 'Runtime / performance impact']",Moderately likely,Yes,Include specific benchmarks for resource consumption.,Maybe,Sustainable practices should be integrated into the software development lifecycle from the outset.
Software Developer / Engineer,5–10 years,"['Data Science / Machine Learning', 'Web Development', 'Systems / DevOps / Scripting']",Yes,Very important,Somewhat important,Yes,"['CPython (default Python interpreter)', 'PyPy (JIT Solution)', 'Cython (AOT Solution)']",PyPy,Yes,Moderately relevant,Agree,"['Energy consumption', 'Carbon footprint', 'Runtime / performance impact']",Moderately likely,Yes,"Consider including real-world energy consumption data based on usage patterns.",Yes,"It's crucial to integrate sustainability metrics into the software development lifecycle to promote energy efficiency."
Industry Professional,5–10 years,"['Data Science / Machine Learning', 'Web Development', 'Systems / DevOps / Scripting']",Yes,Very important,Very important,Yes,"['CPython (default Python interpreter)', 'PyPy (JIT Solution)', 'Cython (AOT Solution)']",PyPy,Yes,Moderately relevant,Agree,"['Energy consumption', 'Carbon footprint', 'Runtime / performance impact']",Moderately likely,Yes,,Maybe,
Industry Professional,5–10 years,"['Data Science / Machine Learning', 'Web Development', 'Systems / DevOps / Scripting']",Yes,Very important,Very important,Yes,"['CPython (default Python interpreter)', 'PyPy (JIT Solution)', 'Cython (AOT Solution)']",PyPy,Yes,Moderately relevant,Agree,"['Energy consumption', 'Carbon footprint', 'Runtime / performance impact']",Moderately likely,Yes,Include more detailed metrics on memory usage and I/O performance.,Yes,It is crucial to integrate sustainability into the software development lifecycle to ensure long-term impacts are minimized.
Industry Professional,5–10 years,"['Data Science / Machine Learning', 'Web Development', 'Systems / DevOps / Scripting']",Yes,Very important,Very important,Yes,"['CPython (default Python interpreter)', 'PyPy (JIT Solution)', 'Cython (AOT Solution)']",PyPy,Yes,Moderately relevant,Agree,"['Energy consumption', 'Carbon footprint', 'Runtime / performance impact']",Moderately likely,Yes,Include more metrics on memory usage and I/O efficiency.,Yes,Sustainable practices should be integrated into the development lifecycle from the start.
Industry Professional,5–10 years,"['Data Science / Machine Learning', 'Web Development', 'Systems / DevOps / Scripting']",Yes,Very important,Very important,Yes,"['CPython (default Python interpreter)', 'PyPy (JIT Solution)', 'Cython (AOT Solution)']",PyPy,Yes,Moderately relevant,Agree,"['Energy consumption', 'Carbon footprint', 'Runtime / performance impact']",Very likely,Yes,,Maybe,
Industry Professional,5–10 years,"['Data Science / Machine Learning', 'Web Development', 'Systems / DevOps / Scripting']",Yes,Very important,Very important,Yes,"['CPython (default Python interpreter)', 'PyPy (JIT Solution)', 'Cython (AOT Solution)']",PyPy,Yes,Moderately relevant,Agree,"['Energy consumption', 'Carbon footprint', 'Runtime / performance impact']",Moderately likely,Yes,Integrate more detailed metrics on carbon emissions during runtime execution.,Yes,Continuous education on sustainable practices is essential for developers. A tool that provides real-time feedback on code sustainability could greatly enhance awareness and implementation.
Industry Professional,5–10 years,"['Data Science / Machine Learning', 'Web Development', 'Systems / DevOps / Scripting']",Yes,Very important,Very important,Yes,"['CPython (default Python interpreter)', 'PyPy (JIT Solution)', 'Cython (AOT Solution)']",PyPy,Yes,Moderately relevant,Agree,"['Energy consumption', 'Carbon footprint', 'Runtime / performance impact']",Very likely,Yes,Incorporate more metrics related to memory usage and I/O efficiency.,Yes,It's crucial to foster a culture of sustainability within software development teams to ensure long-term impact.
Industry Professional,5–10 years,"['Data Science / Machine Learning', 'Web Development', 'Systems / DevOps / Scripting']",Yes,Very important,Very important,Yes,"['CPython (default Python interpreter)', 'PyPy (JIT Solution)', 'Cython (AOT Solution)']",PyPy,Yes,Moderately relevant,Agree,"['Energy consumption', 'Carbon footprint', 'Runtime / performance impact']",Moderately likely,Yes,,Maybe,
Industry Professional,5–10 years,"['Data Science / Machine Learning', 'Web Development', 'Systems / DevOps / Scripting']",Yes,Very important,Very important,Yes,"['CPython (default Python interpreter)', 'PyPy (JIT Solution)', 'Cython (AOT Solution)']",PyPy,Yes,Moderately relevant,Agree,"['Energy consumption', 'Carbon footprint', 'Runtime / performance impact']",Moderately likely,Yes,,Yes,Encouraging the use of energy-efficient algorithms and libraries can significantly enhance sustainability in software development.
Industry Professional,5–10 years,"['Data Science / Machine Learning', 'Web Development', 'Systems / DevOps / Scripting']",Yes,Very important,Very important,Yes,"['CPython (default Python interpreter)', 'PyPy (JIT Solution)', 'Cython (AOT Solution)']",PyPy,Yes,Moderately relevant,Agree,"['Energy consumption', 'Carbon footprint', 'Runtime / performance impact']",Moderately likely,Yes,,Yes,"I believe that a comprehensive approach to sustainability, which includes metrics like GreenScore, can significantly influence the software development lifecycle and foster a culture of energy-efficient computing among developers."
Industry Professional,5–10 years,"['Data Science / Machine Learning', 'Web Development', 'Systems / DevOps / Scripting']",Yes,Very important,Very important,Yes,"['CPython (default Python interpreter)', 'PyPy (JIT Solution)', 'Cython (AOT Solution)']",Cython,Yes,Moderately relevant,Agree,"['Energy consumption', 'Carbon footprint', 'Runtime / performance impact']",Moderately likely,Yes,,Yes,It's essential to integrate sustainability into every phase of software development to ensure we are mindful of our environmental impact.
Industry Professional,5–10 years,"['Data Science / Machine Learning', 'Web Development', 'Systems / DevOps / Scripting']",Yes,Very important,Somewhat important,Yes,"['CPython (default Python interpreter)', 'PyPy (JIT Solution)', 'Cython (AOT Solution)']",PyPy,Yes,Moderately relevant,Agree,"['Energy consumption', 'Carbon footprint', 'Runtime / performance impact']",Very likely,Yes,,Yes,
Industry Professional,5–10 years,"['Data Science / Machine Learning', 'Systems / DevOps / Scripting', 'Web Development']",Yes,Very important,Somewhat important,Yes,"['CPython (default Python interpreter)', 'PyPy (JIT Solution)', 'Cython (AOT Solution)']",PyPy,Yes,Moderately relevant,Agree,"['Energy consumption', 'Carbon footprint', 'Runtime / performance impact']",Moderately likely,Yes,Include more detailed metrics on energy consumption in cloud environments.,Yes,Sustainable software development should also focus on community practices and knowledge sharing to promote awareness and education.
Industry Professional,5–10 years,"['Data Science / Machine Learning', 'Web Development', 'Systems / DevOps / Scripting']",Yes,Very important,Very important,Yes,"['CPython (default Python interpreter)', 'PyPy (JIT Solution)', 'Cython (AOT Solution)']",PyPy,Yes,Moderately relevant,Agree,"['Energy consumption', 'Carbon footprint', 'Runtime / performance impact']",Moderately likely,Yes,Incorporate more detailed metrics on energy consumption during runtime.,Yes,It's crucial to educate developers about the environmental impact of their choices and to promote tools that facilitate sustainable practices.
Industry Professional,5–10 years,"['Data Science / Machine Learning', 'Web Development', 'Systems / DevOps / Scripting']",Yes,Very important,Very important,Yes,"['CPython (default Python interpreter)', 'PyPy (JIT Solution)', 'Cython (AOT Solution)']",PyPy,Yes,Moderately relevant,Agree,"['Energy consumption', 'Carbon footprint', 'Runtime / performance impact']",Very likely,Yes,,Yes,
Industry Professional,5–10 years,"['Data Science / Machine Learning', 'Web Development', 'Systems / DevOps / Scripting']",Yes,Very important,Very important,Yes,"['CPython (default Python interpreter)', 'PyPy (JIT Solution)', 'Cython (AOT Solution)']",PyPy,Yes,Moderately relevant,Agree,"['Energy consumption', 'Carbon footprint', 'Runtime / performance impact']",Moderately likely,Yes,,Yes,I believe that improving awareness and education on sustainability in software development can lead to more energy-efficient practices among developers.
Industry Professional,5–10 years,"['Data Science / Machine Learning', 'Web Development', 'Systems / DevOps / Scripting']",Yes,Very important,Very important,Yes,"['CPython (default Python interpreter)', 'PyPy (JIT Solution)', 'Cython (AOT Solution)']",PyPy,Yes,Moderately relevant,Agree,"['Energy consumption', 'Carbon footprint', 'Runtime / performance impact']",Very likely,Yes,Include more metrics related to real-world usage scenarios.,Yes,"Sustainable software development should be a priority for all developers, and tools that help measure and improve sustainability are essential."
Industry Professional,5–10 years,"['Data Science / Machine Learning', 'Web Development', 'Research / Academia']",Yes,Very important,Somewhat important,Yes,"['CPython (default Python interpreter)', 'PyPy (JIT Solution)']",PyPy,Maybe,Moderately relevant,Agree,"['Energy consumption', 'Carbon footprint', 'Runtime / performance impact']",Moderately likely,Yes,,"Yes","We need more standardized metrics to evaluate sustainability across different execution environments."
Industry Professional,5–10 years,"['Data Science / Machine Learning', 'Web Development', 'Systems / DevOps / Scripting']",Yes,Very important,Somewhat important,Yes,"['CPython (default Python interpreter)', 'PyPy (JIT Solution)']",PyPy,Yes,Moderately relevant,Agree,"['Energy consumption', 'Carbon footprint', 'Runtime / performance impact']",Moderately likely,Maybe,,"Yes","We need to prioritize sustainability as a core aspect of software development to minimize environmental impact."
Industry Professional,5–10 years,"['Data Science / Machine Learning', 'Web Development', 'Systems / DevOps / Scripting']",Yes,Very important,Somewhat important,Yes,"['CPython (default Python interpreter)', 'PyPy (JIT Solution)', 'Cython (AOT Solution)']",PyPy,Maybe,Moderately relevant,Agree,"['Energy consumption', 'Carbon footprint', 'Runtime / performance impact']",Moderately likely,Yes,Include more detailed metrics on energy consumption.,Yes,"Sustainability should be a core principle in software design."
Industry Professional,5–10 years,"['Data Science / Machine Learning', 'Web Development', 'Research / Academia']",Yes,Very important,Somewhat important,Yes,"['CPython (default Python interpreter)', 'PyPy (JIT Solution)']",PyPy,Maybe,Moderately relevant,Agree,"['Energy consumption', 'Carbon footprint', 'Runtime / performance impact']",Moderately likely,Yes,Include more detailed metrics on energy consumption during runtime.,Yes,"It is crucial to educate developers on the impact of their choices on sustainability."
Industry Professional,5–10 years,"['Data Science / Machine Learning', 'Web Development', 'Research / Academia']",Yes,Very important,Somewhat important,Yes,"['CPython (default Python interpreter)', 'PyPy (JIT Solution)']",PyPy,Maybe,Moderately relevant,Agree,"['Energy consumption', 'Carbon footprint', 'Runtime / performance impact']",Moderately likely,Yes,Incorporate real-world usage data to enhance accuracy.,Yes,"Collaboration among developers is key to improving sustainability practices."
Industry Professional,5–10 years,"['Data Science / Machine Learning', 'Web Development', 'Research / Academia']",Yes,Very important,Somewhat important,Yes,"['CPython (default Python interpreter)', 'PyPy (JIT Solution)']",PyPy,Maybe,Moderately relevant,Agree,"['Energy consumption', 'Carbon footprint', 'Runtime / performance impact']",Moderately likely,Yes,Incorporate real-world usage data to improve accuracy.,Yes,"Collaboration between developers and environmental scientists is essential for meaningful progress."
Industry Professional,5–10 years,"['Data Science / Machine Learning', 'Web Development', 'Systems / DevOps / Scripting']",Yes,Very important,Very important,Yes,"['CPython (default Python interpreter)', 'PyPy (JIT Solution)']",PyPy,Maybe,Moderately relevant,Agree,"['Energy consumption', 'Carbon footprint', 'Runtime / performance impact']",Moderately likely,Yes,,Yes,"It's crucial to prioritize energy efficiency and carbon footprint in our development practices."
Industry Professional,5–10 years,"['Data Science / Machine Learning', 'Web Development', 'Systems / DevOps / Scripting']",Yes,Very important,Very important,Yes,"['CPython (default Python interpreter)', 'PyPy (JIT Solution)', 'Cython (AOT Solution)']",PyPy,Yes,Moderately relevant,Agree,"['Energy consumption', 'Carbon footprint', 'Runtime / performance impact']",Moderately likely,Yes,"Include benchmarks for memory usage and real-world energy data",Yes,"Sustainability must be a default consideration in software development—not an afterthought. Tools that provide actionable insights are key to change."